{
  "checkpoint": "checkpoints/reflexformer_s_v1/best.pt",
  "data_dir": "data/reflexformer_m",
  "metrics": {
    "accuracy": 0.9229999780654907,
    "macro_f1": 0.922975637554504,
    "per_class": [
      {
        "precision": 0.9492656875834445,
        "recall": 0.9467376830892144,
        "f1": 0.948,
        "support": 751
      },
      {
        "precision": 0.9144021739130435,
        "recall": 0.8913907284768212,
        "f1": 0.9027498323272971,
        "support": 755
      },
      {
        "precision": 0.8915032679738563,
        "recall": 0.9216216216216216,
        "f1": 0.9063122923588041,
        "support": 740
      },
      {
        "precision": 0.9373333333333334,
        "recall": 0.9323607427055703,
        "f1": 0.9348404255319149,
        "support": 754
      }
    ],
    "confusion_matrix": [
      [
        711,
        16,
        15,
        9
      ],
      [
        14,
        673,
        49,
        19
      ],
      [
        11,
        28,
        682,
        19
      ],
      [
        13,
        19,
        19,
        703
      ]
    ],
    "pred_counts": [
      749,
      736,
      765,
      750
    ],
    "true_counts": [
      751,
      755,
      740,
      754
    ],
    "max_predicted_class_share": 0.255,
    "invalid_output_rate": 0.0,
    "false_safe_on_failsafe_needed": 32,
    "false_low_risk_on_critical": 24,
    "failsafe_recall": 0.9323607427055703,
    "safety_critical_miss_rate": 0.04752342704149933
  }
}
